frame,bubble_id,x,y,radius,velocity
0,0,250,984,53,302.89896480100833
1,0,255,969,53,302.89896480100833
2,0,260,954,53,302.89896480100833
3,0,265,939,53,302.89896480100833
4,0,268,924,52,302.89896480100833
5,0,271,909,52,302.89896480100833
5,1,479,984,27,316.50034205841786
6,0,272,893,52,302.89896480100833
6,1,479,968,27,316.50034205841786
7,0,273,878,52,302.89896480100833
7,1,480,952,27,316.50034205841786
8,0,272,863,52,302.89896480100833
8,1,482,936,27,316.50034205841786
9,0,270,848,51,302.89896480100833
9,1,484,920,27,316.50034205841786
10,0,267,833,51,302.89896480100833
10,1,487,905,27,316.50034205841786
10,2,782,987,28,251.84969612197835
11,0,264,818,51,302.89896480100833
11,1,491,889,27,316.50034205841786
11,2,779,974,28,251.84969612197835
12,0,259,803,51,302.89896480100833
12,1,494,873,27,316.50034205841786
12,2,775,962,28,251.84969612197835
13,0,254,787,50,302.89896480100833
13,1,498,857,26,316.50034205841786
13,2,770,949,28,251.84969612197835
14,0,249,772,50,302.89896480100833
14,1,501,841,26,316.50034205841786
14,2,765,937,28,251.84969612197835
15,0,244,757,50,302.89896480100833
15,1,505,825,26,316.50034205841786
15,2,760,924,28,251.84969612197835
15,3,239,983,56,333.8182127839134
16,0,239,742,50,302.89896480100833
16,1,509,810,26,316.50034205841786
16,2,754,911,28,251.84969612197835
16,3,250,966,56,333.8182127839134
17,0,235,727,49,302.89896480100833
17,1,512,794,26,316.50034205841786
17,2,748,899,28,251.84969612197835
17,3,261,949,56,333.8182127839134
18,0,231,712,49,302.89896480100833
18,1,515,778,26,316.50034205841786
18,2,742,886,28,251.84969612197835
18,3,270,933,56,333.8182127839134
19,0,228,697,49,302.89896480100833
19,1,517,762,26,316.50034205841786
19,2,737,874,28,251.84969612197835
19,3,278,916,55,333.8182127839134
20,0,227,681,49,302.89896480100833
20,1,519,746,26,316.50034205841786
20,2,731,861,27,251.84969612197835
20,3,284,899,55,333.8182127839134
20,4,507,986,22,266.89334129391585
21,0,226,666,48,302.89896480100833
21,1,520,730,25,316.50034205841786
21,2,726,848,27,251.84969612197835
21,3,287,883,55,333.8182127839134
21,4,511,973,22,266.89334129391585
22,0,227,651,48,302.89896480100833
22,1,520,715,25,316.50034205841786
22,2,722,836,27,251.84969612197835
22,3,286,866,54,333.8182127839134
22,4,515,959,22,266.89334129391585
23,0,229,636,48,302.89896480100833
23,1,520,699,25,316.50034205841786
23,2,719,823,27,251.84969612197835
23,3,283,849,54,333.8182127839134
23,4,518,946,22,266.89334129391585
24,0,231,621,47,302.89896480100833
24,1,519,683,25,316.50034205841786
24,2,716,811,27,251.84969612197835
24,3,277,833,54,333.8182127839134
24,4,520,933,22,266.89334129391585
25,0,235,606,47,302.89896480100833
25,1,518,667,25,316.50034205841786
25,2,714,798,27,251.84969612197835
25,3,269,816,54,333.8182127839134
25,4,522,919,22,266.89334129391585
25,5,768,986,57,269.86989825325685
26,0,240,591,47,302.89896480100833
26,1,516,651,25,316.50034205841786
26,2,714,785,27,251.84969612197835
26,3,259,799,53,333.8182127839134
26,4,523,906,22,266.89334129391585
26,5,771,973,57,269.86989825325685
27,0,245,575,47,302.89896480100833
27,1,513,636,25,316.50034205841786
27,2,714,773,27,251.84969612197835
27,3,248,783,53,333.8182127839134
27,4,523,893,22,266.89334129391585
27,5,775,959,57,269.86989825325685
28,0,250,560,46,302.89896480100833
28,1,510,620,24,316.50034205841786
28,2,715,760,27,251.84969612197835
28,3,237,766,53,333.8182127839134
28,4,522,879,22,266.89334129391585
28,5,777,946,57,269.86989825325685
29,0,255,545,46,302.89896480100833
29,1,507,604,24,316.50034205841786
29,2,717,748,26,251.84969612197835
29,3,228,749,53,333.8182127839134
29,4,520,866,22,266.89334129391585
29,5,779,932,56,269.86989825325685
30,0,260,530,46,302.89896480100833
30,1,503,588,24,316.50034205841786
30,2,720,735,26,251.84969612197835
30,3,220,732,52,333.8182127839134
30,4,518,853,22,266.89334129391585
30,5,780,919,56,269.86989825325685
30,6,272,987,23,250.295186230166
31,0,264,515,45,302.89896480100833
31,1,500,572,24,316.50034205841786
31,2,723,722,26,251.84969612197835
31,3,215,716,52,333.8182127839134
31,4,515,839,22,266.89334129391585
31,5,780,905,56,269.86989825325685
31,6,276,974,23,250.295186230166
32,0,268,500,45,302.89896480100833
32,1,496,556,24,316.50034205841786
32,2,728,710,26,251.84969612197835
32,3,212,699,52,333.8182127839134
32,4,512,826,21,266.89334129391585
32,5,779,892,56,269.86989825325685
32,6,279,962,23,250.295186230166
33,0,271,485,45,302.89896480100833
33,1,492,541,24,316.50034205841786
33,2,733,697,26,251.84969612197835
33,3,213,682,51,333.8182127839134
33,4,508,813,21,266.89334129391585
33,5,777,878,56,269.86989825325685
33,6,281,949,23,250.295186230166
34,0,272,469,44,302.89896480100833
34,1,489,525,23,316.50034205841786
34,2,738,685,26,251.84969612197835
34,3,216,666,51,333.8182127839134
34,4,503,799,21,266.89334129391585
34,5,774,865,55,269.86989825325685
34,6,282,937,23,250.295186230166
35,0,273,454,44,302.89896480100833
35,1,486,509,23,316.50034205841786
35,2,744,672,26,251.84969612197835
35,3,223,649,51,333.8182127839134
35,4,499,786,21,266.89334129391585
35,5,771,851,55,269.86989825325685
35,6,282,924,23,250.295186230166
35,7,500,983,28,334.1124652726704
36,0,272,439,43,302.89896480100833
36,1,483,493,23,316.50034205841786
36,2,750,660,26,251.84969612197835
36,3,231,632,50,333.8182127839134
36,4,495,773,21,266.89334129391585
36,5,767,838,55,269.86989825325685
36,6,282,912,23,250.295186230166
36,7,490,966,28,334.1124652726704
37,0,270,424,43,302.89896480100833
37,1,481,477,23,316.50034205841786
37,2,756,647,26,251.84969612197835
37,3,241,616,50,333.8182127839134
37,4,490,759,21,266.89334129391585
37,5,763,824,55,269.86989825325685
37,6,280,899,23,250.295186230166
37,7,480,949,28,334.1124652726704
38,0,268,409,43,302.89896480100833
38,1,480,461,23,316.50034205841786
38,2,761,634,25,251.84969612197835
38,3,252,599,50,333.8182127839134
38,4,487,746,21,266.89334129391585
38,5,758,811,55,269.86989825325685
38,6,277,887,23,250.295186230166
38,7,473,933,28,334.1124652726704
39,0,264,394,42,302.89896480100833
39,1,479,446,22,316.50034205841786
39,2,767,622,25,251.84969612197835
39,3,263,582,49,333.8182127839134
39,4,483,733,21,266.89334129391585
39,5,753,797,54,269.86989825325685
39,6,274,874,23,250.295186230166
39,7,467,916,28,334.1124652726704
40,0,260,379,42,302.89896480100833
40,1,479,430,22,316.50034205841786
40,2,772,609,25,251.84969612197835
40,3,272,566,49,333.8182127839134
40,4,480,719,21,266.89334129391585
40,5,748,784,54,269.86989825325685
40,6,270,862,23,250.295186230166
40,7,465,899,28,334.1124652726704
40,8,732,983,55,337.90142833381253
41,0,255,363,41,302.89896480100833
41,1,479,414,22,316.50034205841786
41,2,776,597,25,251.84969612197835
41,3,280,549,49,333.8182127839134
41,4,478,706,21,266.89334129391585
41,5,743,770,54,269.86989825325685
41,6,265,849,23,250.295186230166
41,7,465,883,28,334.1124652726704
41,8,729,966,55,337.90142833381253
42,0,249,348,41,302.89896480100833
42,1,480,398,22,316.50034205841786
42,2,780,584,25,251.84969612197835
42,3,285,532,48,333.8182127839134
42,4,477,693,20,266.89334129391585
42,5,738,757,54,269.86989825325685
42,6,260,837,22,250.295186230166
42,7,468,866,27,334.1124652726704
42,8,726,949,55,337.90142833381253
43,0,244,333,41,302.89896480100833
43,1,482,382,22,316.50034205841786
43,2,782,571,25,251.84969612197835
43,3,287,515,48,333.8182127839134
43,4,476,679,20,266.89334129391585
43,5,734,743,53,269.86989825325685
43,6,255,824,22,250.295186230166
43,7,474,849,27,334.1124652726704
43,8,725,932,55,337.90142833381253
44,0,239,318,40,302.89896480100833
44,1,484,366,21,316.50034205841786
44,2,784,559,25,251.84969612197835
44,3,286,499,47,333.8182127839134
44,4,476,666,20,266.89334129391585
44,5,730,730,53,269.86989825325685
44,6,249,812,22,250.295186230166
44,7,482,832,27,334.1124652726704
44,8,726,915,54,337.90142833381253
45,0,235,303,40,302.89896480100833
45,1,487,351,21,316.50034205841786
45,2,785,546,24,251.84969612197835
45,3,282,482,47,333.8182127839134
45,4,477,653,20,266.89334129391585
45,5,726,716,53,269.86989825325685
45,6,243,799,22,250.295186230166
45,7,491,816,27,334.1124652726704
45,8,728,898,54,337.90142833381253
45,9,257,985,25,289.30319210211997
46,0,231,288,39,302.89896480100833
46,1,490,335,21,316.50034205841786
46,2,785,534,24,251.84969612197835
46,3,275,465,47,333.8182127839134
46,4,479,639,20,266.89334129391585
46,5,723,703,53,269.86989825325685
46,6,238,787,22,250.295186230166
46,7,501,799,27,334.1124652726704
46,8,732,881,54,337.90142833381253
46,9,264,971,25,289.30319210211997
47,0,229,273,39,302.89896480100833
47,1,494,319,21,316.50034205841786
47,2,784,521,24,251.84969612197835
47,3,267,449,46,333.8182127839134
47,4,482,626,20,266.89334129391585
47,5,721,689,52,269.86989825325685
47,6,233,774,22,250.295186230166
47,7,511,782,27,334.1124652726704
47,8,737,864,54,337.90142833381253
47,9,271,956,25,289.30319210211997
48,0,227,257,38,302.89896480100833
48,1,497,303,20,316.50034205841786
48,2,783,508,24,251.84969612197835
48,3,257,432,46,333.8182127839134
48,4,485,613,20,266.89334129391585
48,5,720,676,52,269.86989825325685
48,6,228,762,22,250.295186230166
48,7,520,766,27,334.1124652726704
48,8,743,847,53,337.90142833381253
48,9,277,942,25,289.30319210211997
49,0,226,242,37,302.89896480100833
49,1,501,287,20,316.50034205841786
49,2,780,496,24,251.84969612197835
49,3,246,415,45,333.8182127839134
49,4,489,599,20,266.89334129391585
49,5,719,662,52,269.86989825325685
49,6,224,749,22,250.295186230166
49,7,528,749,26,334.1124652726704
49,8,749,831,53,337.90142833381253
49,9,281,927,25,289.30319210211997
50,0,227,227,37,302.89896480100833
50,1,505,272,20,316.50034205841786
50,2,776,483,24,251.84969612197835
50,3,235,399,45,333.8182127839134
50,4,493,586,20,266.89334129391585
50,5,720,649,52,269.86989825325685
50,6,221,737,22,250.295186230166
50,7,533,732,26,334.1124652726704
50,8,755,814,53,337.90142833381253
50,9,284,913,25,289.30319210211997
50,10,478,986,27,273.5215080951852
51,0,228,212,36,302.89896480100833
51,1,508,256,19,316.50034205841786
51,2,772,471,24,251.84969612197835
51,3,226,382,44,333.8182127839134
51,4,497,572,20,266.89334129391585
51,5,721,635,51,269.86989825325685
51,6,219,724,22,250.295186230166
51,7,535,716,26,334.1124652726704
51,8,761,797,52,337.90142833381253
51,9,286,898,25,289.30319210211997
51,10,481,972,27,273.5215080951852
52,0,231,197,35,302.89896480100833
52,1,512,240,19,316.50034205841786
52,2,767,458,23,251.84969612197835
52,3,219,365,44,333.8182127839134
52,4,502,559,19,266.89334129391585
52,5,723,622,51,269.86989825325685
52,6,217,712,22,250.295186230166
52,7,534,699,26,334.1124652726704
52,8,766,780,52,337.90142833381253
52,9,286,884,25,289.30319210211997
52,10,486,958,27,273.5215080951852
53,0,235,182,35,302.89896480100833
53,1,514,224,19,316.50034205841786
53,2,762,445,23,251.84969612197835
53,3,214,349,43,333.8182127839134
53,4,506,546,19,266.89334129391585
53,5,726,608,51,269.86989825325685
53,6,216,699,21,250.295186230166
53,7,530,682,26,334.1124652726704
53,8,770,763,52,337.90142833381253
53,9,285,869,25,289.30319210211997
53,10,492,945,27,273.5215080951852
54,0,239,167,34,302.89896480100833
54,1,517,208,18,316.50034205841786
54,2,756,433,23,251.84969612197835
54,3,212,332,43,333.8182127839134
54,4,510,532,19,266.89334129391585
54,5,729,595,50,269.86989825325685
54,6,217,687,21,250.295186230166
54,7,524,665,26,334.1124652726704
54,8,773,746,52,337.90142833381253
54,9,282,855,25,289.30319210211997
54,10,499,931,27,273.5215080951852
55,0,244,151,33,302.89896480100833
55,1,519,192,18,316.50034205841786
55,2,750,420,23,251.84969612197835
55,3,213,315,42,333.8182127839134
55,4,514,519,19,266.89334129391585
55,5,733,581,50,269.86989825325685
55,6,218,674,21,250.295186230166
55,7,515,649,26,334.1124652726704
55,8,774,729,51,337.90142833381253
55,9,278,840,24,289.30319210211997
55,10,506,917,27,273.5215080951852
55,11,757,984,24,303.48844544616173
56,0,249,136,32,302.89896480100833
56,1,520,177,18,316.50034205841786
56,2,744,408,23,251.84969612197835
56,3,217,298,42,333.8182127839134
56,4,517,506,19,266.89334129391585
56,5,738,568,50,269.86989825325685
56,6,220,662,21,250.295186230166
56,7,506,632,25,334.1124652726704
56,8,773,712,51,337.90142833381253
56,9,273,826,24,289.30319210211997
56,10,512,904,27,273.5215080951852
56,11,750,969,24,303.48844544616173
57,0,254,121,31,302.89896480100833
57,1,520,161,17,316.50034205841786
57,2,739,395,22,251.84969612197835
57,3,224,282,41,333.8182127839134
57,4,520,492,19,266.89334129391585
57,5,743,554,50,269.86989825325685
57,6,224,649,21,250.295186230166
57,7,495,615,25,334.1124652726704
57,8,771,695,51,337.90142833381253
57,9,266,811,24,289.30319210211997
57,10,517,890,27,273.5215080951852
57,11,742,954,24,303.48844544616173
58,0,259,106,30,302.89896480100833
58,1,520,145,17,316.50034205841786
58,2,733,382,22,251.84969612197835
58,3,233,265,40,333.8182127839134
58,4,521,479,19,266.89334129391585
58,5,748,541,49,269.86989825325685
58,6,227,637,21,250.295186230166
58,7,486,599,25,334.1124652726704
58,8,767,678,50,337.90142833381253
58,9,259,797,24,289.30319210211997
58,10,521,876,27,273.5215080951852
58,11,736,939,24,303.48844544616173
59,0,264,91,29,302.89896480100833
59,1,519,129,16,316.50034205841786
59,2,728,370,22,251.84969612197835
59,3,244,248,40,333.8182127839134
59,4,523,466,19,266.89334129391585
59,5,753,527,49,269.86989825325685
59,6,232,624,21,250.295186230166
59,7,477,582,25,334.1124652726704
59,8,762,662,50,337.90142833381253
59,9,252,783,24,289.30319210211997
59,10,523,863,26,273.5215080951852
59,11,730,924,24,303.48844544616173
60,0,268,76,28,302.89896480100833
60,1,518,113,16,316.50034205841786
60,2,724,357,22,251.84969612197835
60,3,254,232,39,333.8182127839134
60,4,523,452,18,266.89334129391585
60,5,758,514,49,269.86989825325685
60,6,237,612,21,250.295186230166
60,7,470,565,25,334.1124652726704
60,8,757,645,50,337.90142833381253
60,9,244,768,24,289.30319210211997
60,10,523,849,26,273.5215080951852
60,11,726,908,24,303.48844544616173
60,12,272,987,25,256.1682807825857
61,0,270,61,26,302.89896480100833
61,1,516,97,15,316.50034205841786
61,2,720,345,22,251.84969612197835
61,3,265,215,38,333.8182127839134
61,4,522,439,18,266.89334129391585
61,5,763,500,48,269.86989825325685
61,6,242,599,21,250.295186230166
61,7,466,548,24,334.1124652726704
61,8,751,628,49,337.90142833381253
61,9,237,754,24,289.30319210211997
61,10,521,835,26,273.5215080951852
61,11,725,893,24,303.48844544616173
61,12,269,974,25,256.1682807825857
62,0,272,45,24,302.89896480100833
62,1,513,82,14,316.50034205841786
62,2,717,332,22,251.84969612197835
62,3,274,198,38,333.8182127839134
62,4,521,426,18,266.89334129391585
62,5,767,487,48,269.86989825325685
62,6,248,587,21,250.295186230166
62,7,464,532,24,334.1124652726704
62,8,744,611,49,337.90142833381253
62,9,230,739,24,289.30319210211997
62,10,518,822,26,273.5215080951852
62,11,726,878,24,303.48844544616173
62,12,264,961,25,256.1682807825857
63,0,273,30,22,302.89896480100833
63,1,511,66,14,316.50034205841786
63,2,715,320,21,251.84969612197835
63,3,281,182,37,333.8182127839134
63,4,519,412,18,266.89334129391585
63,5,771,473,48,269.86989825325685
63,6,254,574,20,250.295186230166
63,7,466,515,24,334.1124652726704
63,8,738,594,49,337.90142833381253
63,9,224,725,23,289.30319210211997
63,10,513,808,26,273.5215080951852
63,11,729,863,24,303.48844544616173
63,12,257,948,25,256.1682807825857
64,0,272,15,19,302.89896480100833
64,1,507,50,13,316.50034205841786
64,2,714,307,21,251.84969612197835
64,3,285,165,36,333.8182127839134
64,4,516,399,18,266.89334129391585
64,5,774,460,47,269.86989825325685
64,6,259,561,20,250.295186230166
64,7,470,498,24,334.1124652726704
64,8,733,577,48,337.90142833381253
64,9,219,710,23,289.30319210211997
64,10,507,794,26,273.5215080951852
64,11,734,848,23,303.48844544616173
64,12,250,935,25,256.1682807825857
65,1,504,34,12,316.50034205841786
65,2,714,294,21,251.84969612197835
65,3,287,148,35,333.8182127839134
65,4,513,386,18,266.89334129391585
65,5,777,446,47,269.86989825325685
65,6,264,549,20,250.295186230166
65,7,477,482,24,334.1124652726704
65,8,729,560,48,337.90142833381253
65,9,215,696,23,289.30319210211997
65,10,500,781,26,273.5215080951852
65,11,741,833,23,303.48844544616173
65,12,243,923,25,256.1682807825857
65,13,478,985,20,295.644668116241
66,1,500,18,10,316.50034205841786
66,2,714,282,21,251.84969612197835
66,3,286,132,34,333.8182127839134
66,4,509,372,17,266.89334129391585
66,5,778,433,47,269.86989825325685
66,6,269,536,20,250.295186230166
66,7,486,465,23,334.1124652726704
66,8,727,543,48,337.90142833381253
66,9,213,681,23,289.30319210211997
66,10,493,767,26,273.5215080951852
66,11,748,817,23,303.48844544616173
66,12,237,910,25,256.1682807825857
66,13,476,970,20,295.644668116241
67,1,496,3,6,316.50034205841786
67,2,716,269,20,251.84969612197835
67,3,281,115,33,333.8182127839134
67,4,505,359,17,266.89334129391585
67,5,779,419,46,269.86989825325685
67,6,273,524,20,250.295186230166
67,7,496,448,23,334.1124652726704
67,8,725,526,47,337.90142833381253
67,9,213,667,23,289.30319210211997
67,10,487,753,26,273.5215080951852
67,11,756,802,23,303.48844544616173
67,12,231,897,25,256.1682807825857
67,13,475,955,20,295.644668116241
68,2,719,257,20,251.84969612197835
68,3,274,98,31,333.8182127839134
68,4,500,346,17,266.89334129391585
68,5,780,406,46,269.86989825325685
68,6,277,511,20,250.295186230166
68,7,506,432,23,334.1124652726704
68,8,726,510,47,337.90142833381253
68,9,213,652,23,289.30319210211997
68,10,482,740,25,273.5215080951852
68,11,763,787,23,303.48844544616173
68,12,228,884,25,256.1682807825857
68,13,477,940,20,295.644668116241
69,2,722,244,20,251.84969612197835
69,3,265,81,30,333.8182127839134
69,4,496,332,17,266.89334129391585
69,5,779,392,45,269.86989825325685
69,6,280,499,20,250.295186230166
69,7,515,415,23,334.1124652726704
69,8,728,493,46,337.90142833381253
69,9,216,638,23,289.30319210211997
69,10,478,726,25,273.5215080951852
69,11,768,772,23,303.48844544616173
69,12,226,871,25,256.1682807825857
69,13,480,926,20,295.644668116241
70,2,726,231,20,251.84969612197835
70,3,254,65,28,333.8182127839134
70,4,492,319,17,266.89334129391585
70,5,777,379,45,269.86989825325685
70,6,282,486,20,250.295186230166
70,7,524,398,23,334.1124652726704
70,8,731,476,46,337.90142833381253
70,9,220,623,23,289.30319210211997
70,10,476,712,25,273.5215080951852
70,11,772,757,23,303.48844544616173
70,12,227,859,25,256.1682807825857
70,13,484,911,20,295.644668116241
70,14,716,983,56,327.33859337993056
71,2,731,219,19,251.84969612197835
71,3,244,48,26,333.8182127839134
71,4,488,306,17,266.89334129391585
71,5,775,365,45,269.86989825325685
71,6,282,474,19,250.295186230166
71,7,530,381,22,334.1124652726704
71,8,736,459,46,337.90142833381253
71,9,225,609,22,289.30319210211997
71,10,476,699,25,273.5215080951852
71,11,774,742,23,303.48844544616173
71,12,230,846,24,256.1682807825857
71,13,490,896,20,295.644668116241
71,14,717,967,56,327.33859337993056
72,2,736,206,19,251.84969612197835
72,3,233,31,24,333.8182127839134
72,4,484,292,16,266.89334129391585
72,5,772,352,44,269.86989825325685
72,6,282,461,19,250.295186230166
72,7,534,365,22,334.1124652726704
72,8,742,442,45,337.90142833381253
72,9,231,594,22,289.30319210211997
72,10,478,685,25,273.5215080951852
72,11,773,726,23,303.48844544616173
72,12,235,833,24,256.1682807825857
72,13,496,881,20,295.644668116241
72,14,721,950,56,327.33859337993056
73,2,742,194,19,251.84969612197835
73,3,224,15,20,333.8182127839134
73,4,481,279,16,266.89334129391585
73,5,768,338,44,269.86989825325685
73,6,281,449,19,250.295186230166
73,7,535,348,22,334.1124652726704
73,8,748,425,45,337.90142833381253
73,9,238,580,22,289.30319210211997
73,10,481,671,25,273.5215080951852
73,11,771,711,22,303.48844544616173
73,12,241,820,24,256.1682807825857
73,13,503,866,20,295.644668116241
73,14,728,934,56,327.33859337993056
74,2,748,181,18,251.84969612197835
74,4,479,266,16,266.89334129391585
74,5,764,325,43,269.86989825325685
74,6,279,436,19,250.295186230166
74,7,532,331,22,334.1124652726704
74,8,754,408,44,337.90142833381253
74,9,245,566,22,289.30319210211997
74,10,487,658,25,273.5215080951852
74,11,766,696,22,303.48844544616173
74,12,248,807,24,256.1682807825857
74,13,509,852,20,295.644668116241
74,14,736,918,55,327.33859337993056
75,2,754,168,18,251.84969612197835
75,4,477,252,16,266.89334129391585
75,5,759,311,43,269.86989825325685
75,6,277,424,19,250.295186230166
75,7,528,315,21,334.1124652726704
75,8,760,391,44,337.90142833381253
75,9,253,551,22,289.30319210211997
75,10,493,644,25,273.5215080951852
75,11,759,681,22,303.48844544616173
75,12,255,795,24,256.1682807825857
75,13,515,837,20,295.644668116241
75,14,745,901,55,327.33859337993056
75,15,251,983,29,320.4613471986001
76,2,759,156,18,251.84969612197835
76,4,476,239,16,266.89334129391585
76,5,754,298,42,269.86989825325685
76,6,273,411,19,250.295186230166
76,7,520,298,21,334.1124652726704
76,8,765,374,43,337.90142833381253
76,9,260,537,22,289.30319210211997
76,10,499,630,24,273.5215080951852
76,11,752,666,22,303.48844544616173
76,12,262,782,24,256.1682807825857
76,13,519,822,19,295.644668116241
76,14,755,885,55,327.33859337993056
76,15,245,967,29,320.4613471986001
77,2,765,143,17,251.84969612197835
77,4,476,226,15,266.89334129391585
77,5,749,284,42,269.86989825325685
77,6,269,399,19,250.295186230166
77,7,511,281,21,334.1124652726704
77,8,769,357,43,337.90142833381253
77,9,267,522,22,289.30319210211997
77,10,506,617,24,273.5215080951852
77,11,744,650,22,303.48844544616173
77,12,267,769,24,256.1682807825857
77,13,522,807,19,295.644668116241
77,14,764,869,55,327.33859337993056
77,15,240,951,29,320.4613471986001
78,2,770,131,17,251.84969612197835
78,4,477,212,15,266.89334129391585
78,5,744,271,41,269.86989825325685
78,6,264,386,18,250.295186230166
78,7,501,264,20,334.1124652726704
78,8,772,341,42,337.90142833381253
78,9,273,508,21,289.30319210211997
78,10,512,603,24,273.5215080951852
78,11,737,635,22,303.48844544616173
78,12,271,756,24,256.1682807825857
78,13,524,793,19,295.644668116241
78,14,772,852,54,327.33859337993056
78,15,235,935,29,320.4613471986001
79,2,775,118,17,251.84969612197835
79,4,479,199,15,266.89334129391585
79,5,739,257,41,269.86989825325685
79,6,259,374,18,250.295186230166
79,7,491,248,20,334.1124652726704
79,8,774,324,42,337.90142833381253
79,9,279,493,21,289.30319210211997
79,10,517,589,24,273.5215080951852
79,11,732,620,22,303.48844544616173
79,12,273,743,24,256.1682807825857
79,13,523,778,19,295.644668116241
79,14,778,836,54,327.33859337993056
79,15,231,919,29,320.4613471986001
80,2,778,105,16,251.84969612197835
80,4,481,185,15,266.89334129391585
80,5,735,244,40,269.86989825325685
80,6,253,361,18,250.295186230166
80,7,482,231,20,334.1124652726704
80,8,773,307,41,337.90142833381253
80,9,283,479,21,289.30319210211997
80,10,521,576,24,273.5215080951852
80,11,727,605,22,303.48844544616173
80,12,272,731,24,256.1682807825857
80,13,521,763,19,295.644668116241
80,14,782,819,54,327.33859337993056
80,15,228,903,29,320.4613471986001
80,16,492,986,21,272.9149035598428
81,2,782,93,16,251.84969612197835
81,4,484,172,14,266.89334129391585
81,5,730,230,40,269.86989825325685
81,6,247,349,18,250.295186230166
81,7,474,214,19,334.1124652726704
81,8,771,290,41,337.90142833381253
81,9,285,464,21,289.30319210211997
81,10,523,562,24,273.5215080951852
81,11,725,590,21,303.48844544616173
81,12,269,718,23,256.1682807825857
81,13,518,748,19,295.644668116241
81,14,783,803,53,327.33859337993056
81,15,227,887,29,320.4613471986001
81,16,483,972,21,272.9149035598428
82,2,784,80,15,251.84969612197835
82,4,488,159,14,266.89334129391585
82,5,727,217,39,269.86989825325685
82,6,242,336,18,250.295186230166
82,7,468,198,19,334.1124652726704
82,8,768,273,40,337.90142833381253
82,9,286,450,21,289.30319210211997
82,10,523,548,24,273.5215080951852
82,11,725,575,21,303.48844544616173
82,12,265,705,23,256.1682807825857
82,13,513,733,19,295.644668116241
82,14,781,787,53,327.33859337993056
82,15,227,871,28,320.4613471986001
82,16,475,959,21,272.9149035598428
83,2,785,68,14,251.84969612197835
83,4,492,145,14,266.89334129391585
83,5,724,203,38,269.86989825325685
83,6,236,324,18,250.295186230166
83,7,465,181,18,334.1124652726704
83,8,763,256,39,337.90142833381253
83,9,286,435,21,289.30319210211997
83,10,521,535,23,273.5215080951852
83,11,728,559,21,303.48844544616173
83,12,259,692,23,256.1682807825857
83,13,507,719,19,295.644668116241
83,14,777,770,53,327.33859337993056
83,15,228,855,28,320.4613471986001
83,16,469,945,21,272.9149035598428
84,2,786,55,14,251.84969612197835
84,4,496,132,13,266.89334129391585
84,5,721,190,38,269.86989825325685
84,6,231,311,17,250.295186230166
84,7,465,164,18,334.1124652726704
84,8,758,239,39,337.90142833381253
84,9,284,421,20,289.30319210211997
84,10,517,521,23,273.5215080951852
84,11,733,544,21,303.48844544616173
84,12,252,679,23,256.1682807825857
84,13,500,704,19,295.644668116241
84,14,771,754,53,327.33859337993056
84,15,231,839,28,320.4613471986001
84,16,466,931,21,272.9149035598428
85,2,785,42,13,251.84969612197835
85,4,500,119,13,266.89334129391585
85,5,720,176,37,269.86989825325685
85,6,227,299,17,250.295186230166
85,7,467,148,17,334.1124652726704
85,8,752,222,38,337.90142833381253
85,9,281,406,20,289.30319210211997
85,10,512,507,23,273.5215080951852
85,11,739,529,21,303.48844544616173
85,12,245,666,23,256.1682807825857
85,13,494,689,19,295.644668116241
85,14,763,738,52,327.33859337993056
85,15,234,823,28,320.4613471986001
85,16,465,918,21,272.9149035598428
85,17,776,983,24,337.91267886134796
86,2,783,30,12,251.84969612197835
86,4,505,105,13,266.89334129391585
86,5,719,163,36,269.86989825325685
86,6,223,286,17,250.295186230166
86,7,473,131,17,334.1124652726704
86,8,746,205,37,337.90142833381253
86,9,276,392,20,289.30319210211997
86,10,506,493,23,273.5215080951852
86,11,746,514,21,303.48844544616173
86,12,238,654,23,256.1682807825857
86,13,488,674,19,295.644668116241
86,14,753,721,52,327.33859337993056
86,15,239,807,28,320.4613471986001
86,16,467,904,21,272.9149035598428
86,17,778,966,24,337.91267886134796
87,2,781,17,10,251.84969612197835
87,4,509,92,12,266.89334129391585
87,5,720,149,36,269.86989825325685
87,6,220,274,17,250.295186230166
87,7,481,114,16,334.1124652726704
87,8,740,189,36,337.90142833381253
87,9,270,377,20,289.30319210211997
87,10,499,480,23,273.5215080951852
87,11,753,499,21,303.48844544616173
87,12,232,641,23,256.1682807825857
87,13,482,660,18,295.644668116241
87,14,744,705,52,327.33859337993056
87,15,244,791,28,320.4613471986001
87,16,471,890,21,272.9149035598428
87,17,777,949,24,337.91267886134796
88,2,778,5,7,251.84969612197835
88,4,513,79,12,266.89334129391585
88,5,721,136,35,269.86989825325685
88,6,218,261,17,250.295186230166
88,7,490,97,16,334.1124652726704
88,8,734,172,36,337.90142833381253
88,9,264,363,20,289.30319210211997
88,10,493,466,23,273.5215080951852
88,11,761,484,20,303.48844544616173
88,12,228,628,23,256.1682807825857
88,13,478,645,18,295.644668116241
88,14,735,689,51,327.33859337993056
88,15,250,775,28,320.4613471986001
88,16,478,877,21,272.9149035598428
88,17,774,932,24,337.91267886134796
89,4,516,65,11,266.89334129391585
89,5,723,122,34,269.86989825325685
89,6,217,249,16,250.295186230166
89,7,500,81,15,334.1124652726704
89,8,730,155,35,337.90142833381253
89,9,256,349,19,289.30319210211997
89,10,486,452,22,273.5215080951852
89,11,767,468,20,303.48844544616173
89,12,226,615,23,256.1682807825857
89,13,476,630,18,295.644668116241
89,14,727,672,51,327.33859337993056
89,15,256,759,28,320.4613471986001
89,16,486,863,21,272.9149035598428
89,17,770,915,24,337.91267886134796
90,4,519,52,11,266.89334129391585
90,5,725,109,33,269.86989825325685
90,6,216,236,16,250.295186230166
90,7,510,64,14,334.1124652726704
90,8,727,138,34,337.90142833381253
90,9,249,334,19,289.30319210211997
90,10,481,439,22,273.5215080951852
90,11,771,453,20,303.48844544616173
90,12,227,602,22,256.1682807825857
90,13,475,615,18,295.644668116241
90,14,721,656,51,327.33859337993056
90,15,261,743,27,320.4613471986001
90,16,496,849,21,272.9149035598428
90,17,763,898,24,337.91267886134796
90,18,246,985,24,284.46556641527013
91,4,521,39,10,266.89334129391585
91,5,729,95,32,269.86989825325685
91,6,217,224,16,250.295186230166
91,7,519,47,13,334.1124652726704
91,8,725,121,33,337.90142833381253
91,9,241,320,19,289.30319210211997
91,10,478,425,22,273.5215080951852
91,11,774,438,20,303.48844544616173
91,12,229,590,22,256.1682807825857
91,13,476,600,18,295.644668116241
91,14,717,639,50,327.33859337993056
91,15,265,727,27,320.4613471986001
91,16,505,836,21,272.9149035598428
91,17,755,881,24,337.91267886134796
91,18,242,971,24,284.46556641527013
92,4,522,25,9,266.89334129391585
92,5,733,82,31,269.86989825325685
92,6,219,211,16,250.295186230166
92,7,527,31,12,334.1124652726704
92,8,726,104,31,337.90142833381253
92,9,234,305,19,289.30319210211997
92,10,476,411,22,273.5215080951852
92,11,774,423,20,303.48844544616173
92,12,234,577,22,256.1682807825857
92,13,479,586,18,295.644668116241
92,14,716,623,50,327.33859337993056
92,15,269,711,27,320.4613471986001
92,16,515,822,20,272.9149035598428
92,17,747,864,24,337.91267886134796
92,18,238,957,24,284.46556641527013
93,4,523,12,7,266.89334129391585
93,5,737,68,29,269.86989825325685
93,6,221,199,16,250.295186230166
93,7,532,14,10,334.1124652726704
93,8,727,87,30,337.90142833381253
93,9,228,291,19,289.30319210211997
93,10,476,398,22,273.5215080951852
93,11,772,408,19,303.48844544616173
93,12,240,564,22,256.1682807825857
93,13,483,571,18,295.644668116241
93,14,718,607,50,327.33859337993056
93,15,271,695,27,320.4613471986001
93,16,523,808,20,272.9149035598428
93,17,739,847,23,337.91267886134796
93,18,234,943,24,284.46556641527013
94,4,523,0,1,266.89334129391585
94,5,742,55,28,269.86989825325685
94,6,225,186,15,250.295186230166
94,7,535,-2,1,334.1124652726704
94,8,731,70,28,337.90142833381253
94,9,222,276,18,289.30319210211997
94,10,478,384,22,273.5215080951852
94,11,767,393,19,303.48844544616173
94,12,246,551,22,256.1682807825857
94,13,488,556,18,295.644668116241
94,14,722,590,49,327.33859337993056
94,15,272,679,27,320.4613471986001
94,16,529,795,20,272.9149035598428
94,17,732,831,23,337.91267886134796
94,18,231,928,24,284.46556641527013
95,5,747,41,26,269.86989825325685
95,6,229,174,15,250.295186230166
95,8,735,53,26,337.90142833381253
95,9,218,262,18,289.30319210211997
95,10,482,370,21,273.5215080951852
95,11,761,377,19,303.48844544616173
95,12,254,538,22,256.1682807825857
95,13,495,541,18,295.644668116241
95,14,729,574,49,327.33859337993056
95,15,272,663,27,320.4613471986001
95,16,533,781,20,272.9149035598428
95,17,726,814,23,337.91267886134796
95,18,229,914,24,284.46556641527013
95,19,522,987,24,258.58657422806846
96,5,752,28,23,269.86989825325685
96,6,233,161,15,250.295186230166
96,8,741,36,24,337.90142833381253
96,9,214,247,18,289.30319210211997
96,10,487,357,21,273.5215080951852
96,11,754,362,19,303.48844544616173
96,12,260,526,22,256.1682807825857
96,13,501,526,17,295.644668116241
96,14,737,558,49,327.33859337993056
96,15,270,647,26,320.4613471986001
96,16,534,768,20,272.9149035598428
96,17,723,797,23,337.91267886134796
96,18,229,900,24,284.46556641527013
96,19,527,974,24,258.58657422806846
97,5,757,14,20,269.86989825325685
97,6,238,148,14,250.295186230166
97,8,747,20,21,337.90142833381253
97,9,213,233,18,289.30319210211997
97,10,493,343,21,273.5215080951852
97,11,747,347,19,303.48844544616173
97,12,266,513,22,256.1682807825857
97,13,508,512,17,295.644668116241
97,14,746,541,48,327.33859337993056
97,15,267,631,26,320.4613471986001
97,16,533,754,20,272.9149035598428
97,17,721,780,23,337.91267886134796
97,18,229,886,24,284.46556641527013
97,19,531,961,24,258.58657422806846
98,6,244,136,14,250.295186230166
98,9,213,218,17,289.30319210211997
98,10,500,329,21,273.5215080951852
98,11,739,332,18,303.48844544616173
98,12,270,500,21,256.1682807825857
98,13,513,497,17,295.644668116241
98,14,756,525,48,327.33859337993056
98,15,263,615,26,320.4613471986001
98,16,529,740,20,272.9149035598428
98,17,722,763,23,337.91267886134796
98,18,230,871,24,284.46556641527013
98,19,535,948,24,258.58657422806846
99,6,250,123,14,250.295186230166
99,9,214,204,17,289.30319210211997
99,10,507,316,20,273.5215080951852
99,11,733,317,18,303.48844544616173
99,12,272,487,21,256.1682807825857
99,13,518,482,17,295.644668116241
99,14,765,508,48,327.33859337993056
99,15,258,599,26,320.4613471986001
99,16,522,727,20,272.9149035598428
99,17,726,746,23,337.91267886134796
99,18,232,857,24,284.46556641527013
99,19,537,935,24,258.58657422806846
100,6,255,111,13,250.295186230166
100,9,217,189,17,289.30319210211997
100,10,513,302,20,273.5215080951852
100,11,728,301,18,303.48844544616173
100,12,272,474,21,256.1682807825857
100,13,522,467,17,295.644668116241
100,14,773,492,47,327.33859337993056
100,15,253,583,26,320.4613471986001
100,16,514,713,20,272.9149035598428
100,17,731,729,23,337.91267886134796
100,18,235,843,23,284.46556641527013
100,19,539,922,24,258.58657422806846
100,20,735,985,26,293.3366156701714
101,6,261,98,13,250.295186230166
101,9,221,175,16,289.30319210211997
101,10,518,288,20,273.5215080951852
101,11,726,286,18,303.48844544616173
101,12,270,462,21,256.1682807825857
101,13,524,453,17,295.644668116241
101,14,779,476,47,327.33859337993056
101,15,247,567,26,320.4613471986001
101,16,505,699,20,272.9149035598428
101,17,738,712,22,337.91267886134796
101,18,239,829,23,284.46556641527013
101,19,539,909,24,258.58657422806846
101,20,740,970,26,293.3366156701714
102,6,266,86,13,250.295186230166
102,9,227,161,16,289.30319210211997
102,10,521,275,20,273.5215080951852
102,11,725,271,18,303.48844544616173
102,12,266,449,21,256.1682807825857
102,13,524,438,17,295.644668116241
102,14,782,459,46,327.33859337993056
102,15,242,551,25,320.4613471986001
102,16,495,686,20,272.9149035598428
102,17,746,695,22,337.91267886134796
102,18,243,815,23,284.46556641527013
102,19,538,896,24,258.58657422806846
102,20,746,955,26,293.3366156701714
103,6,270,73,12,250.295186230166
103,9,233,146,16,289.30319210211997
103,10,523,261,20,273.5215080951852
103,11,727,256,17,303.48844544616173
103,12,260,436,21,256.1682807825857
103,13,522,423,16,295.644668116241
103,14,783,443,46,327.33859337993056
103,15,237,535,25,320.4613471986001
103,16,486,672,19,272.9149035598428
103,17,754,678,22,337.91267886134796
103,18,247,800,23,284.46556641527013
103,19,537,883,24,258.58657422806846
103,20,752,941,26,293.3366156701714
104,6,274,61,11,250.295186230166
104,9,240,132,15,289.30319210211997
104,10,523,247,19,273.5215080951852
104,11,731,241,17,303.48844544616173
104,12,253,423,20,256.1682807825857
104,13,519,408,16,295.644668116241
104,14,781,427,46,327.33859337993056
104,15,232,519,25,320.4613471986001
104,16,478,658,19,272.9149035598428
104,17,762,662,22,337.91267886134796
104,18,252,786,23,284.46556641527013
104,19,534,870,24,258.58657422806846
104,20,758,926,26,293.3366156701714
105,6,278,48,11,250.295186230166
105,9,248,117,15,289.30319210211997
105,10,521,234,19,273.5215080951852
105,11,737,226,17,303.48844544616173
105,12,246,410,20,256.1682807825857
105,13,514,393,16,295.644668116241
105,14,776,410,45,327.33859337993056
105,15,229,503,25,320.4613471986001
105,16,471,645,19,272.9149035598428
105,17,769,645,22,337.91267886134796
105,18,257,772,23,284.46556641527013
105,19,530,857,24,258.58657422806846
105,20,763,911,26,293.3366156701714
105,21,268,985,26,297.3373061543015
106,6,280,36,10,250.295186230166
106,9,255,103,14,289.30319210211997
106,10,517,220,19,273.5215080951852
106,11,744,210,16,303.48844544616173
106,12,239,398,20,256.1682807825857
106,13,508,379,16,295.644668116241
106,14,770,394,45,327.33859337993056
106,15,227,487,25,320.4613471986001
106,16,467,631,19,272.9149035598428
106,17,774,628,22,337.91267886134796
106,18,261,758,23,284.46556641527013
106,19,526,844,23,258.58657422806846
106,20,768,897,26,293.3366156701714
106,21,258,970,26,297.3373061543015
107,6,282,23,9,250.295186230166
107,9,263,88,14,289.30319210211997
107,10,512,206,18,273.5215080951852
107,11,751,195,16,303.48844544616173
107,12,233,385,20,256.1682807825857
107,13,502,364,16,295.644668116241
107,14,761,378,44,327.33859337993056
107,15,227,471,24,320.4613471986001
107,16,465,617,19,272.9149035598428
107,17,777,611,22,337.91267886134796
107,18,265,743,23,284.46556641527013
107,19,521,831,23,258.58657422806846
107,20,772,882,26,293.3366156701714
107,21,247,955,26,297.3373061543015
108,6,283,11,7,250.295186230166
108,9,269,74,13,289.30319210211997
108,10,505,193,18,273.5215080951852
108,11,759,180,16,303.48844544616173
108,12,229,372,20,256.1682807825857
108,13,495,349,16,295.644668116241
108,14,752,361,44,327.33859337993056
108,15,228,455,24,320.4613471986001
108,16,466,604,19,272.9149035598428
108,17,778,594,21,337.91267886134796
108,18,267,729,23,284.46556641527013
108,19,515,818,23,258.58657422806846
108,20,775,867,26,293.3366156701714
108,21,236,940,26,297.3373061543015
109,6,282,-1,1,250.295186230166
109,9,275,59,12,289.30319210211997
109,10,499,179,18,273.5215080951852
109,11,765,165,15,303.48844544616173
109,12,227,359,20,256.1682807825857
109,13,489,334,15,295.644668116241
109,14,742,345,43,327.33859337993056
109,15,230,439,24,320.4613471986001
109,16,469,590,19,272.9149035598428
109,17,776,577,21,337.91267886134796
109,18,269,715,22,284.46556641527013
109,19,509,806,23,258.58657422806846
109,20,777,853,25,293.3366156701714
109,21,226,925,26,297.3373061543015
110,9,280,45,11,289.30319210211997
110,10,492,165,17,273.5215080951852
110,11,770,150,15,303.48844544616173
110,12,226,346,19,256.1682807825857
110,13,484,320,15,295.644668116241
110,14,733,328,43,327.33859337993056
110,15,233,423,24,320.4613471986001
110,16,475,576,19,272.9149035598428
110,17,772,560,21,337.91267886134796
110,18,270,701,22,284.46556641527013
110,19,503,793,23,258.58657422806846
110,20,777,838,25,293.3366156701714
110,21,219,910,26,297.3373061543015
110,22,475,984,59,306.440740738311
111,9,284,30,10,289.30319210211997
111,10,486,152,17,273.5215080951852
111,11,773,135,15,303.48844544616173
111,12,229,333,19,256.1682807825857
111,13,479,305,15,295.644668116241
111,14,726,312,42,327.33859337993056
111,15,238,407,23,320.4613471986001
111,16,483,563,19,272.9149035598428
111,17,766,543,21,337.91267886134796
111,18,270,687,22,284.46556641527013
111,19,496,780,23,258.58657422806846
111,20,777,823,25,293.3366156701714
111,21,214,895,26,297.3373061543015
111,22,470,969,59,306.440740738311
112,9,286,16,9,289.30319210211997
112,10,481,138,17,273.5215080951852
112,11,774,119,14,303.48844544616173
112,12,233,321,19,256.1682807825857
112,13,476,290,15,295.644668116241
112,14,720,296,42,327.33859337993056
112,15,243,391,23,320.4613471986001
112,16,492,549,18,272.9149035598428
112,17,759,526,21,337.91267886134796
112,18,269,672,22,284.46556641527013
112,19,490,767,23,258.58657422806846
112,20,775,809,25,293.3366156701714
112,21,211,881,26,297.3373061543015
112,22,467,954,59,306.440740738311
113,9,286,1,5,289.30319210211997
113,10,478,124,16,273.5215080951852
113,11,772,104,14,303.48844544616173
113,12,238,308,19,256.1682807825857
113,13,475,275,15,295.644668116241
113,14,717,279,41,327.33859337993056
113,15,248,375,23,320.4613471986001
113,16,502,536,18,272.9149035598428
113,17,751,510,21,337.91267886134796
113,18,267,658,22,284.46556641527013
113,19,484,754,23,258.58657422806846
113,20,773,794,25,293.3366156701714
113,21,212,866,26,297.3373061543015
113,22,466,938,59,306.440740738311
114,10,476,111,16,273.5215080951852
114,11,769,89,13,303.48844544616173
114,12,245,295,19,256.1682807825857
114,13,476,260,15,295.644668116241
114,14,716,263,40,327.33859337993056
114,15,254,359,23,320.4613471986001
114,16,511,522,18,272.9149035598428
114,17,743,493,20,337.91267886134796
114,18,264,644,22,284.46556641527013
114,19,478,741,23,258.58657422806846
114,20,769,779,25,293.3366156701714
114,21,216,851,25,297.3373061543015
114,22,467,923,58,306.440740738311
115,10,476,97,15,273.5215080951852
115,11,763,74,13,303.48844544616173
115,12,252,282,18,256.1682807825857
115,13,478,246,14,295.644668116241
115,14,718,247,40,327.33859337993056
115,15,259,343,22,320.4613471986001
115,16,520,508,18,272.9149035598428
115,17,735,476,20,337.91267886134796
115,18,261,630,22,284.46556641527013
115,19,473,728,23,258.58657422806846
115,20,764,765,25,293.3366156701714
115,21,222,836,25,297.3373061543015
115,22,470,908,58,306.440740738311
115,23,740,982,19,345.8921865111583
116,10,478,83,15,273.5215080951852
116,11,756,59,12,303.48844544616173
116,12,259,269,18,256.1682807825857
116,13,482,231,14,295.644668116241
116,14,723,230,39,327.33859337993056
116,15,264,327,22,320.4613471986001
116,16,527,495,18,272.9149035598428
116,17,729,459,20,337.91267886134796
116,18,257,615,22,284.46556641527013
116,19,468,715,22,258.58657422806846
116,20,759,750,25,293.3366156701714
116,21,231,821,25,297.3373061543015
116,22,475,892,58,306.440740738311
116,23,746,965,19,345.8921865111583
117,10,482,70,14,273.5215080951852
117,11,749,44,11,303.48844544616173
117,12,265,257,18,256.1682807825857
117,13,487,216,14,295.644668116241
117,14,730,214,38,327.33859337993056
117,15,268,311,22,320.4613471986001
117,16,532,481,18,272.9149035598428
117,17,724,442,20,337.91267886134796
117,18,252,601,22,284.46556641527013
117,19,465,702,22,258.58657422806846
117,20,753,735,25,293.3366156701714
117,21,241,806,25,297.3373061543015
117,22,481,877,58,306.440740738311
117,23,751,948,19,345.8921865111583
118,10,488,56,13,273.5215080951852
118,11,741,28,10,303.48844544616173
118,12,270,244,18,256.1682807825857
118,13,493,201,14,295.644668116241
118,14,739,198,38,327.33859337993056
118,15,271,294,22,320.4613471986001
118,16,534,467,18,272.9149035598428
118,17,722,425,20,337.91267886134796
118,18,247,587,21,284.46556641527013
118,19,462,689,22,258.58657422806846
118,20,747,721,24,293.3366156701714
118,21,252,791,25,297.3373061543015
118,22,488,862,57,306.440740738311
118,23,757,930,19,345.8921865111583
119,10,494,42,12,273.5215080951852
119,11,735,13,8,303.48844544616173
119,12,272,231,18,256.1682807825857
119,13,500,186,13,295.644668116241
119,14,748,181,37,327.33859337993056
119,15,272,278,21,320.4613471986001
119,16,534,454,18,272.9149035598428
119,17,722,408,19,337.91267886134796
119,18,243,573,21,284.46556641527013
119,19,461,676,22,258.58657422806846
119,20,742,706,24,293.3366156701714
119,21,263,776,25,297.3373061543015
119,22,496,846,57,306.440740738311
119,23,762,913,19,345.8921865111583
120,10,501,28,11,273.5215080951852
120,11,729,-1,1,303.48844544616173
120,12,273,218,17,256.1682807825857
120,13,506,172,13,295.644668116241
120,14,758,165,36,327.33859337993056
120,15,272,262,21,320.4613471986001
120,16,531,440,17,272.9149035598428
120,17,724,391,19,337.91267886134796
120,18,238,559,21,284.46556641527013
120,19,460,663,22,258.58657422806846
120,20,736,691,24,293.3366156701714
120,21,272,762,25,297.3373061543015
120,22,504,831,57,306.440740738311
120,23,766,896,19,345.8921865111583
120,24,215,985,21,298.2256580229829
121,10,507,15,9,273.5215080951852
121,12,271,205,17,256.1682807825857
121,13,512,157,13,295.644668116241
121,14,766,148,35,327.33859337993056
121,15,271,246,21,320.4613471986001
121,16,525,426,17,272.9149035598428
121,17,728,374,19,337.91267886134796
121,18,235,544,21,284.46556641527013
121,19,460,650,22,258.58657422806846
121,20,731,677,24,293.3366156701714
121,21,280,747,25,297.3373061543015
121,22,512,816,57,306.440740738311
121,23,770,878,19,345.8921865111583
121,24,213,970,21,298.2256580229829
122,10,513,1,5,273.5215080951852
122,12,267,193,17,256.1682807825857
122,13,517,142,12,295.644668116241
122,14,774,132,34,327.33859337993056
122,15,268,230,20,320.4613471986001
122,16,517,413,17,272.9149035598428
122,17,734,357,19,337.91267886134796
122,18,232,530,21,284.46556641527013
122,19,462,637,22,258.58657422806846
122,20,727,662,24,293.3366156701714
122,21,285,732,24,297.3373061543015
122,22,519,800,56,306.440740738311
122,23,773,861,19,345.8921865111583
122,24,212,955,21,298.2256580229829
123,12,261,180,16,256.1682807825857
123,13,521,127,12,295.644668116241
123,14,779,116,33,327.33859337993056
123,15,264,214,20,320.4613471986001
123,16,508,399,17,272.9149035598428
123,17,742,341,19,337.91267886134796
123,18,230,516,21,284.46556641527013
123,19,465,625,22,258.58657422806846
123,20,724,647,24,293.3366156701714
123,21,288,717,24,297.3373061543015
123,22,525,785,56,306.440740738311
123,23,774,844,19,345.8921865111583
123,24,212,940,21,298.2256580229829
124,12,255,167,16,256.1682807825857
124,13,523,113,12,295.644668116241
124,14,782,99,32,327.33859337993056
124,15,260,198,20,320.4613471986001
124,16,499,385,17,272.9149035598428
124,17,750,324,18,337.91267886134796
124,18,229,502,21,284.46556641527013
124,19,468,612,22,258.58657422806846
124,20,722,633,24,293.3366156701714
124,21,287,702,24,297.3373061543015
124,22,530,770,56,306.440740738311
124,23,775,827,19,345.8921865111583
124,24,213,925,21,298.2256580229829
125,12,248,154,16,256.1682807825857
125,13,524,98,11,295.644668116241
125,14,783,83,30,327.33859337993056
125,15,254,182,19,320.4613471986001
125,16,489,372,17,272.9149035598428
125,17,758,307,18,337.91267886134796
125,18,229,487,20,284.46556641527013
125,19,472,599,21,258.58657422806846
125,20,722,618,23,293.3366156701714
125,21,284,687,24,297.3373061543015
125,22,532,754,55,306.440740738311
125,23,774,809,18,345.8921865111583
125,24,215,910,21,298.2256580229829
125,25,483,986,50,261.22916531566386
126,12,241,141,15,256.1682807825857
126,13,523,83,11,295.644668116241
126,14,780,67,29,327.33859337993056
126,15,249,166,19,320.4613471986001
126,16,480,358,17,272.9149035598428
126,17,765,290,18,337.91267886134796
126,18,230,473,20,284.46556641527013
126,19,478,586,21,258.58657422806846
126,20,722,603,23,293.3366156701714
126,21,277,672,24,297.3373061543015
126,22,533,739,55,306.440740738311
126,23,772,792,18,345.8921865111583
126,24,217,895,21,298.2256580229829
126,25,480,973,50,261.22916531566386
127,12,234,129,15,256.1682807825857
127,13,520,68,10,295.644668116241
127,14,775,50,27,327.33859337993056
127,15,243,150,18,320.4613471986001
127,16,473,345,16,272.9149035598428
127,17,771,273,18,337.91267886134796
127,18,231,459,20,284.46556641527013
127,19,483,573,21,258.58657422806846
127,20,724,589,23,293.3366156701714
127,21,269,658,24,297.3373061543015
127,22,532,724,55,306.440740738311
127,23,769,775,18,345.8921865111583
127,24,221,880,21,298.2256580229829
127,25,479,960,50,261.22916531566386
128,12,230,116,15,256.1682807825857
128,13,515,53,10,295.644668116241
128,14,768,34,24,327.33859337993056
128,15,238,134,18,320.4613471986001
128,16,468,331,16,272.9149035598428
128,17,776,256,17,337.91267886134796
128,18,234,445,20,284.46556641527013
128,19,489,560,21,258.58657422806846
128,20,726,574,23,293.3366156701714
128,21,258,643,24,297.3373061543015
128,22,528,708,55,306.440740738311
128,23,765,757,18,345.8921865111583
128,24,225,865,21,298.2256580229829
128,25,478,947,50,261.22916531566386
129,12,227,103,14,256.1682807825857
129,13,510,39,9,295.644668116241
129,14,760,17,20,327.33859337993056
129,15,233,118,17,320.4613471986001
129,16,465,317,16,272.9149035598428
129,17,778,239,17,337.91267886134796
129,18,238,431,20,284.46556641527013
129,19,496,547,21,258.58657422806846
129,20,730,559,23,293.3366156701714
129,21,248,628,24,297.3373061543015
129,22,523,693,54,306.440740738311
129,23,760,740,18,345.8921865111583
129,24,230,850,21,298.2256580229829
129,25,479,934,50,261.22916531566386
130,12,226,90,14,256.1682807825857
130,13,503,24,8,295.644668116241
130,15,230,102,16,320.4613471986001
130,16,465,304,16,272.9149035598428
130,17,777,222,17,337.91267886134796
130,18,242,416,20,284.46556641527013
130,19,502,534,21,258.58657422806846
130,20,735,545,23,293.3366156701714
130,21,237,613,23,297.3373061543015
130,22,517,678,54,306.440740738311
130,23,754,723,18,345.8921865111583
130,24,236,835,21,298.2256580229829
130,25,480,921,49,261.22916531566386
130,26,717,985,21,285.1340983294708
131,12,228,77,13,256.1682807825857
131,13,497,9,6,295.644668116241
131,15,228,86,16,320.4613471986001
131,16,468,290,16,272.9149035598428
131,17,774,205,16,337.91267886134796
131,18,247,402,19,284.46556641527013
131,19,509,521,21,258.58657422806846
131,20,740,530,23,293.3366156701714
131,21,227,598,23,297.3373061543015
131,22,510,662,54,306.440740738311
131,23,749,705,18,345.8921865111583
131,24,242,821,20,298.2256580229829
131,25,482,908,49,261.22916531566386
131,26,718,971,21,285.1340983294708
132,12,232,64,13,256.1682807825857
132,13,490,-5,1,295.644668116241
132,15,227,70,15,320.4613471986001
132,16,473,276,15,272.9149035598428
132,17,769,189,16,337.91267886134796
132,18,251,388,19,284.46556641527013
132,19,515,508,21,258.58657422806846
132,20,746,515,22,293.3366156701714
132,21,219,583,23,297.3373061543015
132,22,502,647,53,306.440740738311
132,23,743,688,18,345.8921865111583
132,24,248,806,20,298.2256580229829
132,25,484,895,49,261.22916531566386
132,26,722,957,21,285.1340983294708
133,12,237,52,12,256.1682807825857
133,15,227,54,14,320.4613471986001
133,16,480,263,15,272.9149035598428
133,17,763,172,16,337.91267886134796
133,18,256,374,19,284.46556641527013
133,19,520,495,20,258.58657422806846
133,20,751,501,22,293.3366156701714
133,21,214,568,23,297.3373061543015
133,22,493,632,53,306.440740738311
133,23,738,671,18,345.8921865111583
133,24,254,791,20,298.2256580229829
133,25,487,882,49,261.22916531566386
133,26,728,942,21,285.1340983294708
134,12,244,39,11,256.1682807825857
134,15,229,38,13,320.4613471986001
134,16,489,249,15,272.9149035598428
134,17,755,155,15,337.91267886134796
134,18,260,359,19,284.46556641527013
134,19,526,482,20,258.58657422806846
134,20,757,486,22,293.3366156701714
134,21,211,553,23,297.3373061543015
134,22,486,616,53,306.440740738311
134,23,733,654,17,345.8921865111583
134,24,260,776,20,298.2256580229829
134,25,491,869,49,261.22916531566386
134,26,736,928,21,285.1340983294708
135,12,251,26,10,256.1682807825857
135,15,232,22,11,320.4613471986001
135,16,498,235,15,272.9149035598428
135,17,747,138,15,337.91267886134796
135,18,264,345,19,284.46556641527013
135,19,530,469,20,258.58657422806846
135,20,763,471,22,293.3366156701714
135,21,212,539,23,297.3373061543015
135,22,479,601,52,306.440740738311
135,23,730,636,17,345.8921865111583
135,24,265,761,20,298.2256580229829
135,25,495,856,49,261.22916531566386
135,26,745,914,21,285.1340983294708
135,27,256,983,57,321.2604264077951
136,12,258,13,8,256.1682807825857
136,15,236,6,8,320.4613471986001
136,16,508,222,15,272.9149035598428
136,17,739,121,14,337.91267886134796
136,18,267,331,18,284.46556641527013
136,19,534,456,20,258.58657422806846
136,20,767,457,22,293.3366156701714
136,21,215,524,22,297.3373061543015
136,22,473,586,52,306.440740738311
136,23,727,619,17,345.8921865111583
136,24,271,746,20,298.2256580229829
136,25,499,843,48,261.22916531566386
136,26,753,900,21,285.1340983294708
136,27,263,967,57,321.2604264077951
137,12,264,0,4,256.1682807825857
137,16,517,208,14,272.9149035598428
137,17,732,104,14,337.91267886134796
137,18,269,317,18,284.46556641527013
137,19,537,444,20,258.58657422806846
137,20,772,442,22,293.3366156701714
137,21,222,509,22,297.3373061543015
137,22,469,570,52,306.440740738311
137,23,725,602,17,345.8921865111583
137,24,275,731,20,298.2256580229829
137,25,503,830,48,261.22916531566386
137,26,762,885,21,285.1340983294708
137,27,269,951,57,321.2604264077951
138,16,525,194,14,272.9149035598428
138,17,726,87,13,337.91267886134796
138,18,270,303,18,284.46556641527013
138,19,538,431,20,258.58657422806846
138,20,775,427,21,293.3366156701714
138,21,230,494,22,297.3373061543015
138,22,466,555,51,306.440740738311
138,23,724,584,17,345.8921865111583
138,24,280,716,20,298.2256580229829
138,25,507,817,48,261.22916531566386
138,26,770,871,21,285.1340983294708
138,27,274,935,57,321.2604264077951
139,16,530,181,14,272.9149035598428
139,17,723,70,12,337.91267886134796
139,18,270,288,18,284.46556641527013
139,19,539,418,20,258.58657422806846
139,20,777,413,21,293.3366156701714
139,21,240,479,22,297.3373061543015
139,22,466,540,51,306.440740738311
139,23,725,567,17,345.8921865111583
139,24,283,701,20,298.2256580229829
139,25,511,804,48,261.22916531566386
139,26,776,857,21,285.1340983294708
139,27,277,919,56,321.2604264077951
140,16,534,167,14,272.9149035598428
140,17,721,53,12,337.91267886134796
140,18,270,274,18,284.46556641527013
140,19,539,405,19,258.58657422806846
140,20,777,398,21,293.3366156701714
140,21,251,464,22,297.3373061543015
140,22,468,525,51,306.440740738311
140,23,727,550,17,345.8921865111583
140,24,285,686,20,298.2256580229829
140,25,514,791,48,261.22916531566386
140,26,780,843,21,285.1340983294708
140,27,279,903,56,321.2604264077951
140,28,471,985,24,290.59891530713463
141,16,534,153,13,272.9149035598428
141,17,722,36,10,337.91267886134796
141,18,268,260,17,284.46556641527013
141,19,537,392,19,258.58657422806846
141,20,777,383,21,293.3366156701714
141,21,262,449,22,297.3373061543015
141,22,471,509,50,306.440740738311
141,23,730,533,17,345.8921865111583
141,24,287,671,19,298.2256580229829
141,25,517,777,47,261.22916531566386
141,26,782,828,20,285.1340983294708
141,27,279,887,56,321.2604264077951
141,28,473,970,24,290.59891530713463
142,16,532,140,13,272.9149035598428
142,17,726,20,9,337.91267886134796
142,18,265,246,17,284.46556641527013
142,19,535,379,19,258.58657422806846
142,20,776,369,21,293.3366156701714
142,21,271,435,21,297.3373061543015
142,22,476,494,50,306.440740738311
142,23,734,515,16,345.8921865111583
142,24,287,657,19,298.2256580229829
142,25,519,764,47,261.22916531566386
142,26,782,814,20,285.1340983294708
142,27,277,871,56,321.2604264077951
142,28,476,956,24,290.59891530713463
143,16,527,126,13,272.9149035598428
143,17,731,3,5,337.91267886134796
143,18,261,231,17,284.46556641527013
143,19,531,366,19,258.58657422806846
143,20,773,354,20,293.3366156701714
143,21,279,420,21,297.3373061543015
143,22,483,479,49,306.440740738311
143,23,738,498,16,345.8921865111583
143,24,287,642,19,298.2256580229829
143,25,520,751,47,261.22916531566386
143,26,779,800,20,285.1340983294708
143,27,274,855,55,321.2604264077951
143,28,481,941,24,290.59891530713463
144,16,520,113,12,272.9149035598428
144,18,257,217,17,284.46556641527013
144,19,527,353,19,258.58657422806846
144,20,769,339,20,293.3366156701714
144,21,285,405,21,297.3373061543015
144,22,491,463,49,306.440740738311
144,23,743,481,16,345.8921865111583
144,24,285,627,19,298.2256580229829
144,25,521,738,47,261.22916531566386
144,26,774,786,20,285.1340983294708
144,27,269,839,55,321.2604264077951
144,28,486,927,24,290.59891530713463
145,16,512,99,12,272.9149035598428
145,18,253,203,16,284.46556641527013
145,19,522,340,19,258.58657422806846
145,20,765,325,20,293.3366156701714
145,21,288,390,21,297.3373061543015
145,22,499,448,49,306.440740738311
145,23,749,463,16,345.8921865111583
145,24,283,612,19,298.2256580229829
145,25,520,725,47,261.22916531566386
145,26,767,771,20,285.1340983294708
145,27,263,823,55,321.2604264077951
145,28,492,912,24,290.59891530713463
145,29,728,982,27,348.24876513356446
146,16,502,85,11,272.9149035598428
146,18,248,189,16,284.46556641527013
146,19,517,327,18,258.58657422806846
146,20,759,310,20,293.3366156701714
146,21,287,375,21,297.3373061543015
146,22,507,433,48,306.440740738311
146,23,755,446,16,345.8921865111583
146,24,279,597,19,298.2256580229829
146,25,519,712,46,261.22916531566386
146,26,759,757,20,285.1340983294708
146,27,256,807,54,321.2604264077951
146,28,498,898,24,290.59891530713463
146,29,732,965,27,348.24876513356446
147,16,493,72,11,272.9149035598428
147,18,244,175,16,284.46556641527013
147,19,510,314,18,258.58657422806846
147,20,754,295,19,293.3366156701714
147,21,284,360,20,297.3373061543015
147,22,514,417,48,306.440740738311
147,23,760,429,16,345.8921865111583
147,24,275,582,19,298.2256580229829
147,25,517,699,46,261.22916531566386
147,26,750,743,20,285.1340983294708
147,27,249,791,54,321.2604264077951
147,28,505,883,24,290.59891530713463
147,29,736,947,27,348.24876513356446
148,16,483,58,10,272.9149035598428
148,18,239,160,15,284.46556641527013
148,19,504,301,18,258.58657422806846
148,20,748,281,19,293.3366156701714
148,21,278,345,20,297.3373061543015
148,22,521,402,47,306.440740738311
148,23,765,411,16,345.8921865111583
148,24,271,567,19,298.2256580229829
148,25,514,686,46,261.22916531566386
148,26,742,729,20,285.1340983294708
148,27,242,775,54,321.2604264077951
148,28,511,869,24,290.59891530713463
148,29,741,930,27,348.24876513356446
149,16,476,44,10,272.9149035598428
149,18,235,146,15,284.46556641527013
149,19,498,288,18,258.58657422806846
149,20,742,266,19,293.3366156701714
149,21,269,330,20,297.3373061543015
149,22,527,387,47,306.440740738311
149,23,769,394,15,345.8921865111583
149,24,265,552,18,298.2256580229829
149,25,511,673,46,261.22916531566386
149,26,733,714,20,285.1340983294708
149,27,235,759,54,321.2604264077951
149,28,517,854,24,290.59891530713463
149,29,746,912,27,348.24876513356446
150,16,469,31,9,272.9149035598428
150,18,232,132,15,284.46556641527013
150,19,491,275,18,258.58657422806846
150,20,737,251,19,293.3366156701714
150,21,259,316,20,297.3373061543015
150,22,531,371,46,306.440740738311
150,23,772,377,15,345.8921865111583
150,24,260,537,18,298.2256580229829
150,25,507,660,45,261.22916531566386
150,26,726,700,20,285.1340983294708
150,27,229,742,53,321.2604264077951
150,28,521,840,23,290.59891530713463
150,29,751,895,27,348.24876513356446
150,30,239,986,19,278.7471809279722
151,16,466,17,8,272.9149035598428
151,18,230,118,14,284.46556641527013
151,19,485,263,17,258.58657422806846
151,20,732,237,18,293.3366156701714
151,21,248,301,20,297.3373061543015
151,22,533,356,46,306.440740738311
151,23,774,360,15,345.8921865111583
151,24,254,522,18,298.2256580229829
151,25,503,647,45,261.22916531566386
151,26,721,686,20,285.1340983294708
151,27,225,726,53,321.2604264077951
151,28,525,825,23,290.59891530713463
151,29,756,878,27,348.24876513356446
151,30,248,972,19,278.7471809279722
152,16,465,3,5,272.9149035598428
152,18,229,103,14,284.46556641527013
152,19,479,250,17,258.58657422806846
152,20,728,222,18,293.3366156701714
152,21,238,286,19,297.3373061543015
152,22,533,341,45,306.440740738311
152,23,775,342,15,345.8921865111583
152,24,248,507,18,298.2256580229829
152,25,499,634,45,261.22916531566386
152,26,717,672,19,285.1340983294708
152,27,221,710,53,321.2604264077951
152,28,527,811,23,290.59891530713463
152,29,760,860,26,348.24876513356446
152,30,256,958,19,278.7471809279722
153,18,228,89,13,284.46556641527013
153,19,474,237,17,258.58657422806846
153,20,725,207,18,293.3366156701714
153,21,228,271,19,297.3373061543015
153,22,531,325,45,306.440740738311
153,23,774,325,15,345.8921865111583
153,24,242,493,18,298.2256580229829
153,25,495,621,45,261.22916531566386
153,26,717,657,19,285.1340983294708
153,27,220,694,52,321.2604264077951
153,28,528,796,23,290.59891530713463
153,29,765,843,26,348.24876513356446
153,30,264,944,19,278.7471809279722
154,18,229,75,13,284.46556641527013
154,19,469,224,17,258.58657422806846
154,20,722,193,17,293.3366156701714
154,21,220,256,19,297.3373061543015
154,22,527,310,44,306.440740738311
154,23,773,308,14,345.8921865111583
154,24,236,478,18,298.2256580229829
154,25,491,608,45,261.22916531566386
154,26,718,643,19,285.1340983294708
154,27,220,678,52,321.2604264077951
154,28,528,782,23,290.59891530713463
154,29,769,825,26,348.24876513356446
154,30,271,930,19,278.7471809279722
155,18,231,61,12,284.46556641527013
155,19,466,211,16,258.58657422806846
155,20,722,178,17,293.3366156701714
155,21,214,241,18,297.3373061543015
155,22,522,295,44,306.440740738311
155,23,770,290,14,345.8921865111583
155,24,230,463,18,298.2256580229829
155,25,487,595,44,261.22916531566386
155,26,722,629,19,285.1340983294708
155,27,222,662,52,321.2604264077951
155,28,525,767,23,290.59891530713463
155,29,772,808,26,348.24876513356446
155,30,276,916,19,278.7471809279722
155,31,478,987,20,258.9072457657461
156,18,234,47,11,284.46556641527013
156,19,463,198,16,258.58657422806846
156,20,722,163,17,293.3366156701714
156,21,211,226,18,297.3373061543015
156,22,515,279,43,306.440740738311
156,23,766,273,14,345.8921865111583
156,24,225,448,18,298.2256580229829
156,25,484,582,44,261.22916531566386
156,26,728,615,19,285.1340983294708
156,27,226,646,52,321.2604264077951
156,28,522,752,23,290.59891530713463
156,29,775,791,26,348.24876513356446
156,30,279,902,19,278.7471809279722
156,31,484,974,20,258.9072457657461
157,18,237,32,10,284.46556641527013
157,19,461,185,16,258.58657422806846
157,20,723,149,16,293.3366156701714
157,21,212,212,18,297.3373061543015
157,22,507,264,43,306.440740738311
157,23,762,256,14,345.8921865111583
157,24,221,433,17,298.2256580229829
157,25,482,568,44,261.22916531566386
157,26,735,600,19,285.1340983294708
157,27,230,630,51,321.2604264077951
157,28,518,738,23,290.59891530713463
157,29,777,773,26,348.24876513356446
157,30,280,888,19,278.7471809279722
157,31,489,961,20,258.9072457657461
158,18,241,18,9,284.46556641527013
158,19,460,172,16,258.58657422806846
158,20,726,134,16,293.3366156701714
158,21,215,197,17,297.3373061543015
158,22,499,249,42,306.440740738311
158,23,757,239,13,345.8921865111583
158,24,217,418,17,298.2256580229829
158,25,480,555,44,261.22916531566386
158,26,744,586,19,285.1340983294708
158,27,237,614,51,321.2604264077951
158,28,512,723,23,290.59891530713463
158,29,778,756,26,348.24876513356446
158,30,278,874,19,278.7471809279722
158,31,495,948,20,258.9072457657461
159,18,246,4,6,284.46556641527013
159,19,460,159,15,258.58657422806846
159,20,730,119,15,293.3366156701714
159,21,221,182,17,297.3373061543015
159,22,491,233,41,306.440740738311
159,23,751,221,13,345.8921865111583
159,24,215,403,17,298.2256580229829
159,25,479,542,43,261.22916531566386
159,26,753,572,19,285.1340983294708
159,27,243,598,51,321.2604264077951
159,28,506,709,22,290.59891530713463
159,29,779,738,25,348.24876513356446
159,30,273,860,19,278.7471809279722
159,31,502,935,20,258.9072457657461
160,19,462,146,15,258.58657422806846
160,20,734,105,15,293.3366156701714
160,21,229,167,17,297.3373061543015
160,22,483,218,41,306.440740738311
160,23,746,204,13,345.8921865111583
160,24,213,388,17,298.2256580229829
160,25,478,529,43,261.22916531566386
160,26,761,558,19,285.1340983294708
160,27,251,582,50,321.2604264077951
160,28,500,694,22,290.59891530713463
160,29,778,721,25,348.24876513356446
160,30,267,846,19,278.7471809279722
160,31,508,922,20,258.9072457657461
160,32,730,984,22,317.9652409578697
161,19,464,133,15,258.58657422806846
161,20,739,90,14,293.3366156701714
161,21,239,152,16,297.3373061543015
161,22,477,203,40,306.440740738311
161,23,740,187,13,345.8921865111583
161,24,212,373,17,298.2256580229829
161,25,479,516,43,261.22916531566386
161,26,769,543,18,285.1340983294708
161,27,258,566,50,321.2604264077951
161,28,493,680,22,290.59891530713463
161,29,777,703,25,348.24876513356446
161,30,260,832,19,278.7471809279722
161,31,514,909,20,258.9072457657461
161,32,722,968,22,317.9652409578697
162,19,467,120,14,258.58657422806846
162,20,745,75,14,293.3366156701714
162,21,250,137,16,297.3373061543015
162,22,472,187,39,306.440740738311
162,23,735,169,12,345.8921865111583
162,24,212,358,17,298.2256580229829
162,25,480,503,42,261.22916531566386
162,26,775,529,18,285.1340983294708
162,27,264,550,49,321.2604264077951
162,28,487,665,22,290.59891530713463
162,29,775,686,25,348.24876513356446
162,30,251,818,19,278.7471809279722
162,31,519,896,20,258.9072457657461
162,32,717,952,22,317.9652409578697
163,19,471,107,14,258.58657422806846
163,20,751,61,13,293.3366156701714
163,21,261,122,15,297.3373061543015
163,22,468,172,38,306.440740738311
163,23,731,152,12,345.8921865111583
163,24,213,343,16,298.2256580229829
163,25,483,490,42,261.22916531566386
163,26,780,515,18,285.1340983294708
163,27,270,534,49,321.2604264077951
163,28,482,651,22,290.59891530713463
163,29,772,669,25,348.24876513356446
163,30,243,804,18,278.7471809279722
163,31,524,883,20,258.9072457657461
163,32,713,936,22,317.9652409578697
164,19,476,94,13,258.58657422806846
164,20,757,46,12,293.3366156701714
164,21,271,107,15,297.3373061543015
164,22,466,157,37,306.440740738311
164,23,728,135,12,345.8921865111583
164,24,215,328,16,298.2256580229829
164,25,485,477,42,261.22916531566386
164,26,782,501,18,285.1340983294708
164,27,275,518,49,321.2604264077951
164,28,477,636,22,290.59891530713463
164,29,769,651,25,348.24876513356446
164,30,235,790,18,278.7471809279722
164,31,528,870,20,258.9072457657461
164,32,713,920,22,317.9652409578697
165,19,482,82,13,258.58657422806846
165,20,762,31,11,293.3366156701714
165,21,279,93,14,297.3373061543015
165,22,466,141,36,306.440740738311
165,23,725,117,11,345.8921865111583
165,24,218,314,16,298.2256580229829
165,25,489,464,42,261.22916531566386
165,26,782,486,18,285.1340983294708
165,27,278,502,48,321.2604264077951
165,28,474,622,22,290.59891530713463
165,29,765,634,24,348.24876513356446
165,30,228,777,18,278.7471809279722
165,31,531,857,20,258.9072457657461
165,32,715,904,22,317.9652409578697
165,33,262,985,28,291.83601699145595
166,19,488,69,12,258.58657422806846
166,20,767,17,9,293.3366156701714
166,21,285,78,14,297.3373061543015
166,22,469,126,35,306.440740738311
166,23,724,100,11,345.8921865111583
166,24,222,299,16,298.2256580229829
166,25,493,451,41,261.22916531566386
166,26,780,472,18,285.1340983294708
166,27,279,485,48,321.2604264077951
166,28,472,607,22,290.59891530713463
166,29,760,616,24,348.24876513356446
166,30,223,763,18,278.7471809279722
166,31,533,844,20,258.9072457657461
166,32,720,888,22,317.9652409578697
166,33,267,970,28,291.83601699145595
167,19,494,56,12,258.58657422806846
167,20,771,2,6,293.3366156701714
167,21,288,63,13,297.3373061543015
167,22,473,111,34,306.440740738311
167,23,724,83,10,345.8921865111583
167,24,226,284,16,298.2256580229829
167,25,497,438,41,261.22916531566386
167,26,775,458,18,285.1340983294708
167,27,279,469,48,321.2604264077951
167,28,471,593,21,290.59891530713463
167,29,755,599,24,348.24876513356446
167,30,220,749,18,278.7471809279722
167,31,534,831,20,258.9072457657461
167,32,727,872,22,317.9652409578697
167,33,272,956,28,291.83601699145595
168,19,501,43,11,258.58657422806846
168,21,287,48,12,297.3373061543015
168,22,478,95,33,306.440740738311
168,23,726,66,10,345.8921865111583
168,24,232,269,15,298.2256580229829
168,25,501,425,41,261.22916531566386
168,26,768,443,17,285.1340983294708
168,27,277,453,47,321.2604264077951
168,28,472,578,21,290.59891530713463
168,29,750,582,24,348.24876513356446
168,30,220,735,18,278.7471809279722
168,31,534,818,19,258.9072457657461
168,32,736,856,22,317.9652409578697
168,33,276,941,28,291.83601699145595
169,19,507,30,10,258.58657422806846
169,21,284,33,11,297.3373061543015
169,22,485,80,31,306.440740738311
169,23,728,48,9,345.8921865111583
169,24,237,254,15,298.2256580229829
169,25,505,412,40,261.22916531566386
169,26,760,429,17,285.1340983294708
169,27,273,437,47,321.2604264077951
169,28,474,564,21,290.59891530713463
169,29,745,564,24,348.24876513356446
169,30,222,721,18,278.7471809279722
169,31,533,805,19,258.9072457657461
169,32,745,841,22,317.9652409578697
169,33,280,927,28,291.83601699145595
170,19,513,17,9,258.58657422806846
170,21,278,18,9,297.3373061543015
170,22,493,65,30,306.440740738311
170,23,732,31,8,345.8921865111583
170,24,243,239,15,298.2256580229829
170,25,509,399,40,261.22916531566386
170,26,751,415,17,285.1340983294708
170,27,268,421,46,321.2604264077951
170,28,478,549,21,290.59891530713463
170,29,740,547,24,348.24876513356446
170,30,226,707,18,278.7471809279722
170,31,530,792,19,258.9072457657461
170,32,755,825,21,317.9652409578697
170,33,282,912,28,291.83601699145595
170,34,478,985,58,283.59820359757754
171,19,519,4,6,258.58657422806846
171,21,270,3,6,297.3373061543015
171,22,501,50,28,306.440740738311
171,23,736,14,6,345.8921865111583
171,24,249,224,15,298.2256580229829
171,25,512,386,40,261.22916531566386
171,26,742,401,17,285.1340983294708
171,27,262,405,46,321.2604264077951
171,28,482,535,21,290.59891530713463
171,29,736,529,23,348.24876513356446
171,30,232,693,18,278.7471809279722
171,31,527,779,19,258.9072457657461
171,32,765,809,21,317.9652409578697
171,33,284,897,28,291.83601699145595
171,34,484,971,58,283.59820359757754
172,22,509,34,25,306.440740738311
172,23,741,-3,1,345.8921865111583
172,24,255,209,14,298.2256580229829
172,25,516,373,39,261.22916531566386
172,26,734,386,17,285.1340983294708
172,27,255,389,45,321.2604264077951
172,28,488,520,21,290.59891530713463
172,29,732,512,23,348.24876513356446
172,30,240,679,18,278.7471809279722
172,31,523,766,19,258.9072457657461
172,32,773,793,21,317.9652409578697
172,33,285,883,28,291.83601699145595
172,34,490,957,58,283.59820359757754
173,22,517,19,22,306.440740738311
173,24,261,194,14,298.2256580229829
173,25,518,359,39,261.22916531566386
173,26,727,372,17,285.1340983294708
173,27,247,373,45,321.2604264077951
173,28,494,505,21,290.59891530713463
173,29,728,495,23,348.24876513356446
173,30,248,665,18,278.7471809279722
173,31,518,754,19,258.9072457657461
173,32,780,777,21,317.9652409578697
173,33,284,868,27,291.83601699145595
173,34,497,943,58,283.59820359757754
174,24,267,179,14,298.2256580229829
174,25,520,346,39,261.22916531566386
174,26,721,358,17,285.1340983294708
174,27,240,357,44,321.2604264077951
174,28,500,491,20,290.59891530713463
174,29,725,477,23,348.24876513356446
174,30,257,651,17,278.7471809279722
174,31,512,741,19,258.9072457657461
174,32,784,761,21,317.9652409578697
174,33,283,854,27,291.83601699145595
174,34,504,929,57,283.59820359757754
175,24,272,164,14,298.2256580229829
175,25,520,333,38,261.22916531566386
175,26,718,344,16,285.1340983294708
175,27,234,341,44,321.2604264077951
175,28,507,476,20,290.59891530713463
175,29,722,460,23,348.24876513356446
175,30,265,637,17,278.7471809279722
175,31,506,728,19,258.9072457657461
175,32,786,745,21,317.9652409578697
175,33,281,839,27,291.83601699145595
175,34,511,914,57,283.59820359757754
175,35,761,983,29,324.44033597716844
176,24,276,150,13,298.2256580229829
176,25,521,320,38,261.22916531566386
176,26,717,329,16,285.1340983294708
176,27,228,325,43,321.2604264077951
176,28,513,462,20,290.59891530713463
176,29,721,442,22,348.24876513356446
176,30,271,623,17,278.7471809279722
176,31,500,715,19,258.9072457657461
176,32,785,729,21,317.9652409578697
176,33,278,824,27,291.83601699145595
176,34,517,900,57,283.59820359757754
176,35,764,967,29,324.44033597716844
177,24,280,135,13,298.2256580229829
177,25,520,307,37,261.22916531566386
177,26,718,315,16,285.1340983294708
177,27,224,309,43,321.2604264077951
177,28,518,447,20,290.59891530713463
177,29,720,425,22,348.24876513356446
177,30,276,609,17,278.7471809279722
177,31,494,702,19,258.9072457657461
177,32,782,713,21,317.9652409578697
177,33,275,810,27,291.83601699145595
177,34,523,886,57,283.59820359757754
177,35,767,951,29,324.44033597716844
178,24,283,120,12,298.2256580229829
178,25,518,294,37,261.22916531566386
178,26,721,301,16,285.1340983294708
178,27,221,293,42,321.2604264077951
178,28,523,433,20,290.59891530713463
178,29,720,407,22,348.24876513356446
178,30,279,595,17,278.7471809279722
178,31,488,689,19,258.9072457657461
178,32,776,697,21,317.9652409578697
178,33,270,795,27,291.83601699145595
178,34,528,872,57,283.59820359757754
178,35,768,935,29,324.44033597716844
179,24,286,105,12,298.2256580229829
179,25,516,281,37,261.22916531566386
179,26,727,287,16,285.1340983294708
179,27,220,277,42,321.2604264077951
179,28,526,418,20,290.59891530713463
179,29,721,390,22,348.24876513356446
179,30,279,581,17,278.7471809279722
179,31,482,676,19,258.9072457657461
179,32,768,682,20,317.9652409578697
179,33,265,781,27,291.83601699145595
179,34,532,858,56,283.59820359757754
179,35,770,918,29,324.44033597716844
180,24,287,90,12,298.2256580229829
180,25,513,268,36,261.22916531566386
180,26,734,272,15,285.1340983294708
180,27,220,261,41,321.2604264077951
180,28,528,404,19,290.59891530713463
180,29,723,373,21,348.24876513356446
180,30,277,567,17,278.7471809279722
180,31,477,663,18,258.9072457657461
180,32,759,666,20,317.9652409578697
180,33,260,766,27,291.83601699145595
180,34,535,844,56,283.59820359757754
180,35,770,902,29,324.44033597716844
180,36,285,983,22,338.1821727267681
181,24,287,75,11,298.2256580229829
181,25,509,255,36,261.22916531566386
181,26,743,258,15,285.1340983294708
181,27,223,245,40,321.2604264077951
181,28,528,389,19,290.59891530713463
181,29,726,355,21,348.24876513356446
181,30,273,554,17,278.7471809279722
181,31,473,650,18,258.9072457657461
181,32,749,650,20,317.9652409578697
181,33,254,751,27,291.83601699145595
181,34,536,829,56,283.59820359757754
181,35,770,886,29,324.44033597716844
181,36,287,966,22,338.1821727267681
182,24,286,60,10,298.2256580229829
182,25,506,242,35,261.22916531566386
182,26,752,244,15,285.1340983294708
182,27,227,228,40,321.2604264077951
182,28,527,375,19,290.59891530713463
182,29,729,338,21,348.24876513356446
182,30,267,540,17,278.7471809279722
182,31,469,637,18,258.9072457657461
182,32,739,634,20,317.9652409578697
182,33,248,737,26,291.83601699145595
182,34,537,815,56,283.59820359757754
182,35,770,870,28,324.44033597716844
182,36,288,949,22,338.1821727267681
183,24,285,45,10,298.2256580229829
183,25,501,229,35,261.22916531566386
183,26,760,230,15,285.1340983294708
183,27,232,212,39,321.2604264077951
183,28,525,360,19,290.59891530713463
183,29,733,320,21,348.24876513356446
183,30,259,526,17,278.7471809279722
183,31,467,624,18,258.9072457657461
183,32,730,618,20,317.9652409578697
183,33,243,722,26,291.83601699145595
183,34,536,801,55,283.59820359757754
183,35,769,854,28,324.44033597716844
183,36,288,932,22,338.1821727267681
184,24,282,30,9,298.2256580229829
184,25,497,216,34,261.22916531566386
184,26,768,215,14,285.1340983294708
184,27,238,196,38,321.2604264077951
184,28,521,346,19,290.59891530713463
184,29,737,303,20,348.24876513356446
184,30,251,512,16,278.7471809279722
184,31,465,611,18,258.9072457657461
184,32,723,602,20,317.9652409578697
184,33,237,708,26,291.83601699145595
184,34,534,787,55,283.59820359757754
184,35,767,837,28,324.44033597716844
184,36,287,915,22,338.1821727267681
185,24,279,15,7,298.2256580229829
185,25,493,203,34,261.22916531566386
185,26,775,201,14,285.1340983294708
185,27,245,180,37,321.2604264077951
185,28,516,331,18,290.59891530713463
185,29,742,286,20,348.24876513356446
185,30,242,498,16,278.7471809279722
185,31,465,598,18,258.9072457657461
185,32,717,586,20,317.9652409578697
185,33,232,693,26,291.83601699145595
185,34,530,773,55,283.59820359757754
185,35,765,821,28,324.44033597716844
185,36,284,898,22,338.1821727267681
185,37,536,984,22,316.8444061345487
186,24,274,0,3,298.2256580229829
186,25,489,190,33,261.22916531566386
186,26,780,187,14,285.1340983294708
186,27,252,164,36,321.2604264077951
186,28,510,317,18,290.59891530713463
186,29,747,268,20,348.24876513356446
186,30,234,484,16,278.7471809279722
186,31,466,585,18,258.9072457657461
186,32,714,570,19,317.9652409578697
186,33,227,678,26,291.83601699145595
186,34,526,758,55,283.59820359757754
186,35,762,805,28,324.44033597716844
186,36,281,881,22,338.1821727267681
186,37,537,968,22,316.8444061345487
187,25,486,177,33,261.22916531566386
187,26,782,173,14,285.1340983294708
187,27,259,148,36,321.2604264077951
187,28,504,302,18,290.59891530713463
187,29,752,251,19,348.24876513356446
187,30,227,470,16,278.7471809279722
187,31,468,572,18,258.9072457657461
187,32,713,554,19,317.9652409578697
187,33,223,664,26,291.83601699145595
187,34,520,744,54,283.59820359757754
187,35,759,789,28,324.44033597716844
187,36,276,864,22,338.1821727267681
187,37,537,952,22,316.8444061345487
188,25,483,164,32,261.22916531566386
188,26,782,158,13,285.1340983294708
188,27,266,132,34,321.2604264077951
188,28,497,288,18,290.59891530713463
188,29,757,233,19,348.24876513356446
188,30,223,456,16,278.7471809279722
188,31,471,559,18,258.9072457657461
188,32,715,538,19,317.9652409578697
188,33,220,649,26,291.83601699145595
188,34,514,730,54,283.59820359757754
188,35,756,772,28,324.44033597716844
188,36,271,847,22,338.1821727267681
188,37,536,936,22,316.8444061345487
189,25,481,151,31,261.22916531566386
189,26,780,144,13,285.1340983294708
189,27,271,116,33,321.2604264077951
189,28,491,273,18,290.59891530713463
189,29,761,216,19,348.24876513356446
189,30,220,442,16,278.7471809279722
189,31,474,546,18,258.9072457657461
189,32,720,523,19,317.9652409578697
189,33,217,635,25,291.83601699145595
189,34,508,716,54,283.59820359757754
189,35,752,756,27,324.44033597716844
189,36,265,830,21,338.1821727267681
189,37,533,920,22,316.8444061345487
190,25,479,137,31,261.22916531566386
190,26,775,130,13,285.1340983294708
190,27,276,100,32,321.2604264077951
190,28,485,258,17,290.59891530713463
190,29,766,199,18,348.24876513356446
190,30,220,428,16,278.7471809279722
190,31,479,533,17,258.9072457657461
190,32,726,507,19,317.9652409578697
190,33,215,620,25,291.83601699145595
190,34,501,702,54,283.59820359757754
190,35,748,740,27,324.44033597716844
190,36,259,813,21,338.1821727267681
190,37,529,904,22,316.8444061345487
190,38,778,986,19,273.3036020703456
191,25,478,124,30,261.22916531566386
191,26,769,116,12,285.1340983294708
191,27,278,84,31,321.2604264077951
191,28,480,244,17,290.59891530713463
191,29,770,181,18,348.24876513356446
191,30,222,414,16,278.7471809279722
191,31,485,521,17,258.9072457657461
191,32,735,491,19,317.9652409578697
191,33,214,606,25,291.83601699145595
191,34,494,688,53,283.59820359757754
191,35,745,724,27,324.44033597716844
191,36,252,797,21,338.1821727267681
191,37,524,889,22,316.8444061345487
191,38,778,972,19,273.3036020703456
192,25,479,111,29,261.22916531566386
192,26,761,101,12,285.1340983294708
192,27,279,68,29,321.2604264077951
192,28,476,229,17,290.59891530713463
192,29,773,164,17,348.24876513356446
192,30,226,400,15,278.7471809279722
192,31,490,508,17,258.9072457657461
192,32,745,475,19,317.9652409578697
192,33,215,591,25,291.83601699145595
192,34,487,673,53,283.59820359757754
192,35,741,708,27,324.44033597716844
192,36,246,780,21,338.1821727267681
192,37,518,873,22,316.8444061345487
192,38,776,959,19,273.3036020703456
193,25,479,98,28,261.22916531566386
193,26,752,87,11,285.1340983294708
193,27,278,52,27,321.2604264077951
193,28,473,215,17,290.59891530713463
193,29,776,146,17,348.24876513356446
193,30,233,386,15,278.7471809279722
193,31,497,495,17,258.9072457657461
193,32,754,459,18,317.9652409578697
193,33,216,576,25,291.83601699145595
193,34,481,659,53,283.59820359757754
193,35,738,691,27,324.44033597716844
193,36,239,763,21,338.1821727267681
193,37,512,857,22,316.8444061345487
193,38,774,945,19,273.3036020703456
194,25,481,85,27,261.22916531566386
194,26,743,73,11,285.1340983294708
194,27,276,36,25,321.2604264077951
194,28,471,200,16,290.59891530713463
194,29,778,129,16,348.24876513356446
194,30,240,372,15,278.7471809279722
194,31,503,482,17,258.9072457657461
194,32,764,443,18,317.9652409578697
194,33,218,562,25,291.83601699145595
194,34,475,645,52,283.59820359757754
194,35,735,675,27,324.44033597716844
194,36,233,746,21,338.1821727267681
194,37,505,841,22,316.8444061345487
194,38,771,931,19,273.3036020703456
195,25,484,72,26,261.22916531566386
195,26,735,59,10,285.1340983294708
195,27,272,20,21,321.2604264077951
195,28,471,186,16,290.59891530713463
195,29,779,111,16,348.24876513356446
195,30,249,358,15,278.7471809279722
195,31,509,469,17,258.9072457657461
195,32,773,427,18,317.9652409578697
195,33,221,547,24,291.83601699145595
195,34,470,631,52,283.59820359757754
195,35,733,659,27,324.44033597716844
195,36,227,729,21,338.1821727267681
195,37,498,825,21,316.8444061345487
195,38,768,918,19,273.3036020703456
195,39,214,986,19,265.9311594689717
196,25,487,59,25,261.22916531566386
196,26,728,44,10,285.1340983294708
196,28,472,171,16,290.59891530713463
196,29,779,94,15,348.24876513356446
196,30,257,344,15,278.7471809279722
196,31,515,456,17,258.9072457657461
196,32,779,411,18,317.9652409578697
196,33,224,533,24,291.83601699145595
196,34,466,617,52,283.59820359757754
196,35,731,643,26,324.44033597716844
196,36,222,712,21,338.1821727267681
196,37,491,809,21,316.8444061345487
196,38,764,904,19,273.3036020703456
196,39,216,973,19,265.9311594689717
197,25,490,46,23,261.22916531566386
197,26,722,30,9,285.1340983294708
197,28,475,157,15,290.59891530713463
197,29,778,77,14,348.24876513356446
197,30,265,331,15,278.7471809279722
197,31,520,443,17,258.9072457657461
197,32,784,395,18,317.9652409578697
197,33,229,518,24,291.83601699145595
197,34,464,602,51,283.59820359757754
197,35,729,626,26,324.44033597716844
197,36,218,695,21,338.1821727267681
197,37,484,794,21,316.8444061345487
197,38,759,890,19,273.3036020703456
197,39,221,960,19,265.9311594689717
198,25,494,33,21,261.22916531566386
198,26,718,16,7,285.1340983294708
198,28,479,142,15,290.59891530713463
198,29,777,59,13,348.24876513356446
198,30,272,317,15,278.7471809279722
198,31,525,430,17,258.9072457657461
198,32,786,379,18,317.9652409578697
198,33,233,503,24,291.83601699145595
198,34,462,588,51,283.59820359757754
198,35,729,610,26,324.44033597716844
198,36,214,678,20,338.1821727267681
198,37,478,778,21,316.8444061345487
198,38,755,877,19,273.3036020703456
198,39,228,946,19,265.9311594689717
199,25,498,20,19,261.22916531566386
199,26,717,2,4,285.1340983294708
199,28,484,128,14,290.59891530713463
199,29,774,42,12,348.24876513356446
199,30,277,303,14,278.7471809279722
199,31,529,417,16,258.9072457657461
199,32,785,364,17,317.9652409578697
199,33,239,489,24,291.83601699145595
199,34,462,574,51,283.59820359757754
199,35,729,594,26,324.44033597716844
199,36,212,661,20,338.1821727267681
199,37,473,762,21,316.8444061345487
199,38,750,863,19,273.3036020703456
199,39,235,933,19,265.9311594689717
